id,title,description,category,price,discountPercentage,rating,stock,brand,sku,weight,warrantyInformation,shippingInformation,availabilityStatus,returnPolicy,minimumOrderQuantity,thumbnail
30,Kiwi,"Nutrient-rich kiwi, perfect for snacking or adding a tropical twist to your dishes.",groceries,2.49,15.22,4.93,99,,GRO-BRD-KIW-030,5,6 months warranty,Ships overnight,In Stock,7 days return policy,30,https://cdn.dummyjson.com/product-images/groceries/kiwi/thumbnail.webp
29,Juice,"Refreshing fruit juice, packed with vitamins and great for staying hydrated.",groceries,3.99,12.06,3.94,50,,GRO-BRD-JUI-029,1,6 months warranty,Ships in 1 week,In Stock,No return policy,25,https://cdn.dummyjson.com/product-images/groceries/juice/thumbnail.webp
28,Ice Cream,"Creamy and delicious ice cream, available in various flavors for a delightful treat.",groceries,5.49,8.69,3.39,27,,GRO-BRD-CRE-028,1,1 month warranty,Ships in 2 weeks,In Stock,No return policy,42,https://cdn.dummyjson.com/product-images/groceries/ice-cream/thumbnail.webp
27,Honey Jar,"Pure and natural honey in a convenient jar, perfect for sweetening beverages or drizzling over food.",groceries,6.99,14.40,3.97,34,,GRO-BRD-HON-027,2,1 month warranty,Ships in 1-2 business days,In Stock,90 days return policy,47,https://cdn.dummyjson.com/product-images/groceries/honey-jar/thumbnail.webp
26,Green Chili Pepper,"Spicy green chili pepper, ideal for adding heat to your favorite recipes.",groceries,0.99,1.00,3.66,3,,GRO-BRD-GRE-026,7,2 year warranty,Ships in 1 week,Low Stock,30 days return policy,39,https://cdn.dummyjson.com/product-images/groceries/green-chili-pepper/thumbnail.webp
25,Green Bell Pepper,"Fresh and vibrant green bell pepper, perfect for adding color and flavor to your dishes.",groceries,1.29,0.16,3.25,33,,GRO-BRD-GRE-025,2,1 month warranty,Ships in 1 week,In Stock,30 days return policy,12,https://cdn.dummyjson.com/product-images/groceries/green-bell-pepper/thumbnail.webp
24,Fish Steak,"Quality fish steak, suitable for grilling, baking, or pan-searing.",groceries,14.99,4.23,3.78,74,,GRO-BRD-FIS-024,6,1 month warranty,Ships in 3-5 business days,In Stock,60 days return policy,50,https://cdn.dummyjson.com/product-images/groceries/fish-steak/thumbnail.webp
23,Eggs,"Fresh eggs, a versatile ingredient for baking, cooking, or breakfast.",groceries,2.99,11.05,2.53,9,,GRO-BRD-EGG-023,2,1 week warranty,Ships in 1 week,In Stock,No return policy,32,https://cdn.dummyjson.com/product-images/groceries/eggs/thumbnail.webp
22,Dog Food,Specially formulated dog food designed to provide essential nutrients for your canine companion.,groceries,10.99,10.27,4.55,71,,GRO-BRD-FOO-022,10,No warranty,Ships in 1-2 business days,In Stock,60 days return policy,43,https://cdn.dummyjson.com/product-images/groceries/dog-food/thumbnail.webp
21,Cucumber,"Crisp and hydrating cucumbers, ideal for salads, snacks, or as a refreshing side.",groceries,1.49,0.16,4.07,84,,GRO-BRD-CUC-021,4,2 year warranty,Ships in 1-2 business days,In Stock,7 days return policy,2,https://cdn.dummyjson.com/product-images/groceries/cucumber/thumbnail.webp
20,Cooking Oil,"Versatile cooking oil suitable for frying, saut√©ing, and various culinary applications.",groceries,4.99,9.33,4.80,10,,GRO-BRD-COO-020,5,Lifetime warranty,Ships in 1-2 business days,In Stock,30 days return policy,46,https://cdn.dummyjson.com/product-images/groceries/cooking-oil/thumbnail.webp
19,Chicken Meat,"Fresh and tender chicken meat, suitable for various culinary preparations.",groceries,9.99,13.70,3.19,97,,GRO-BRD-CHI-019,1,1 year warranty,Ships in 1 month,In Stock,7 days return policy,22,https://cdn.dummyjson.com/product-images/groceries/chicken-meat/thumbnail.webp
18,Cat Food,Nutritious cat food formulated to meet the dietary needs of your feline friend.,groceries,8.99,9.58,3.13,46,,GRO-BRD-FOO-018,10,1 year warranty,Ships overnight,In Stock,No return policy,18,https://cdn.dummyjson.com/product-images/groceries/cat-food/thumbnail.webp
17,Beef Steak,"High-quality beef steak, great for grilling or cooking to your preferred level of doneness.",groceries,12.99,9.61,4.47,86,,GRO-BRD-BEE-017,10,3 year warranty,Ships overnight,In Stock,60 days return policy,43,https://cdn.dummyjson.com/product-images/groceries/beef-steak/thumbnail.webp
16,Apple,"Fresh and crisp apples, perfect for snacking or incorporating into various recipes.",groceries,1.99,12.62,4.19,8,,GRO-BRD-APP-016,9,3 year warranty,Ships in 2 weeks,In Stock,90 days return policy,7,https://cdn.dummyjson.com/product-images/groceries/apple/thumbnail.webp
15,Wooden Bathroom Sink With Mirror,"The Wooden Bathroom Sink with Mirror is a unique and stylish addition to your bathroom, featuring a wooden sink countertop and a matching mirror.",furniture,799.99,8.80,3.59,7,Bath Trends,FUR-BAT-WOO-015,10,3 year warranty,Ships in 3-5 business days,Low Stock,60 days return policy,2,https://cdn.dummyjson.com/product-images/furniture/wooden-bathroom-sink-with-mirror/thumbnail.webp
14,Knoll Saarinen Executive Conference Chair,"The Knoll Saarinen Executive Conference Chair is a modern and ergonomic chair, perfect for your office or conference room with its timeless design.",furniture,499.99,2.01,4.88,26,Knoll,FUR-KNO-KNO-014,10,2 year warranty,Ships overnight,In Stock,60 days return policy,5,https://cdn.dummyjson.com/product-images/furniture/knoll-saarinen-executive-conference-chair/thumbnail.webp
13,Bedside Table African Cherry,"The Bedside Table in African Cherry is a stylish and functional addition to your bedroom, providing convenient storage space and a touch of elegance.",furniture,299.99,19.09,2.87,64,Furniture Co.,FUR-FUR-BED-013,2,5 year warranty,Ships overnight,In Stock,7 days return policy,3,https://cdn.dummyjson.com/product-images/furniture/bedside-table-african-cherry/thumbnail.webp
12,Annibale Colombo Sofa,"The Annibale Colombo Sofa is a sophisticated and comfortable seating option, featuring exquisite design and premium upholstery for your living room.",furniture,2499.99,14.40,3.92,60,Annibale Colomb,FUR-ANN-ANN-012,6,Lifetime warranty,Ships in 1 week,In Stock,7 days return policy,1,https://cdn.dummyjson.com/product-images/furniture/annibale-colombo-sofa/thumbnail.webp
11,Annibale Colombo Bed,"The Annibale Colombo Bed is a luxurious and elegant bed frame, crafted with high-quality materials for a comfortable and stylish bedroom.",furniture,1899.99,8.57,4.77,88,Annibale Colomb,FUR-ANN-ANN-011,10,1 year warranty,Ships in 1 month,In Stock,No return policy,1,https://cdn.dummyjson.com/product-images/furniture/annibale-colombo-bed/thumbnail.webp
10,Gucci Bloom Eau de,"Gucci Bloom by Gucci is a floral and captivating fragrance, with notes of tuberose, jasmine, and Rangoon creeper. It's a modern and romantic scent.",fragrances,79.99,14.39,2.74,91,Gucci,FRA-GUC-GUC-010,7,6 months warranty,Ships overnight,In Stock,No return policy,2,https://cdn.dummyjson.com/product-images/fragrances/gucci-bloom-eau-de/thumbnail.webp
9,Dolce Shine Eau de,"Dolce Shine by Dolce & Gabbana is a vibrant and fruity fragrance, featuring notes of mango, jasmine, and blonde woods. It's a joyful and youthful scent.",fragrances,69.99,0.62,3.96,4,Dolce & Gabbana,FRA-DOL-DOL-009,6,3 year warranty,Ships in 1 month,Low Stock,7 days return policy,2,https://cdn.dummyjson.com/product-images/fragrances/dolce-shine-eau-de/thumbnail.webp
8,Dior J'adore,"J'adore by Dior is a luxurious and floral fragrance, known for its blend of ylang-ylang, rose, and jasmine. It embodies femininity and sophistication.",fragrances,89.99,14.72,3.80,98,Dior,FRA-DIO-DIO-008,4,1 week warranty,Ships in 2 weeks,In Stock,7 days return policy,10,https://cdn.dummyjson.com/product-images/fragrances/dior-j'adore/thumbnail.webp
7,Chanel Coco Noir Eau De,"Coco Noir by Chanel is an elegant and mysterious fragrance, featuring notes of grapefruit, rose, and sandalwood. Perfect for evening occasions.",fragrances,129.99,16.51,4.26,58,Chanel,FRA-CHA-CHA-007,7,3 year warranty,Ships overnight,In Stock,No return policy,1,https://cdn.dummyjson.com/product-images/fragrances/chanel-coco-noir-eau-de/thumbnail.webp
6,Calvin Klein CK One,"CK One by Calvin Klein is a classic unisex fragrance, known for its fresh and clean scent. It's a versatile fragrance suitable for everyday wear.",fragrances,49.99,1.89,4.37,29,Calvin Klein,FRA-CAL-CAL-006,7,1 week warranty,Ships overnight,In Stock,90 days return policy,9,https://cdn.dummyjson.com/product-images/fragrances/calvin-klein-ck-one/thumbnail.webp
5,Red Nail Polish,"The Red Nail Polish offers a rich and glossy red hue for vibrant and polished nails. With a quick-drying formula, it provides a salon-quality finish at home.",beauty,8.99,11.44,4.32,79,Nail Couture,BEA-NAI-NAI-005,8,1 month warranty,Ships overnight,In Stock,No return policy,22,https://cdn.dummyjson.com/product-images/beauty/red-nail-polish/thumbnail.webp
4,Red Lipstick,"The Red Lipstick is a classic and bold choice for adding a pop of color to your lips. With a creamy and pigmented formula, it provides a vibrant and long-lasting finish.",beauty,12.99,12.16,4.36,91,Chic Cosmetics,BEA-CHI-LIP-004,1,3 year warranty,Ships in 1 week,In Stock,7 days return policy,40,https://cdn.dummyjson.com/product-images/beauty/red-lipstick/thumbnail.webp
3,Powder Canister,"The Powder Canister is a finely milled setting powder designed to set makeup and control shine. With a lightweight and translucent formula, it provides a smooth and matte finish.",beauty,14.99,9.84,4.64,89,Velvet Touch,BEA-VEL-POW-003,8,3 months warranty,Ships in 1-2 business days,In Stock,No return policy,22,https://cdn.dummyjson.com/product-images/beauty/powder-canister/thumbnail.webp
2,Eyeshadow Palette with Mirror,"The Eyeshadow Palette with Mirror offers a versatile range of eyeshadow shades for creating stunning eye looks. With a built-in mirror, it's convenient for on-the-go makeup application.",beauty,19.99,18.19,2.86,34,Glamour Beauty,BEA-GLA-EYE-002,9,1 year warranty,Ships in 2 weeks,In Stock,7 days return policy,20,https://cdn.dummyjson.com/product-images/beauty/eyeshadow-palette-with-mirror/thumbnail.webp
1,Essence Mascara Lash Princess,The Essence Mascara Lash Princess is a popular mascara known for its volumizing and lengthening effects. Achieve dramatic lashes with this long-lasting and cruelty-free formula.,beauty,9.99,10.48,2.56,99,Essence,BEA-ESS-ESS-001,4,1 week warranty,Ships in 3-5 business days,In Stock,No return policy,48,https://cdn.dummyjson.com/product-images/beauty/essence-mascara-lash-princess/thumbnail.webp
