id,firstName,lastName,maidenName,age,gender,email,phone,username,password,birthDate,bloodGroup,height,weight,eyeColor,role
30,Addison,Wright,,33,female,addison.wright@x.dummyjson.com,+1 514-384-3300,addisonw,addisonwpa,1992-01-03,B+,179.32,76.93,Brown,user
29,Henry,Hill,,39,male,henry.hill@x.dummyjson.com,+1 240-833-4680,henryh,henryhpass,1986-08-19,O-,180.25,95.84,Gray,user
28,Lily,Lee,Brown,30,female,lily.lee@x.dummyjson.com,+1 808-757-9867,lilyb,lilybpass,1995-12-03,AB-,181.42,51.49,Gray,user
27,Daniel,Cook,,42,male,daniel.cook@x.dummyjson.com,+44 254-761-6843,danielc,danielcpas,1983-12-25,AB+,186.21,83.72,Brown,user
26,Evelyn,Gonzalez,,36,female,evelyn.gonzalez@x.dummyjson.com,+61 708-508-4638,evelyng,evelyngpas,1989-02-05,O+,168.94,58.47,Red,user
25,Harper,Kelly,Evans,28,female,harper.kelly@x.dummyjson.com,+92 518-863-2863,harpere,harperepas,1997-03-03,AB-,184.32,81.69,Amber,user
24,Mateo,Nguyen,,31,male,mateo.nguyen@x.dummyjson.com,+1 341-597-6694,mateon,mateonpass,1994-06-02,O+,174.29,59.98,Red,user
23,Chloe,Morales,,40,female,chloe.morales@x.dummyjson.com,+92 468-541-7133,chloem,chloempass,1985-04-21,O+,185.07,63.97,Brown,user
22,Elijah,Stewart,,34,male,elijah.stewart@x.dummyjson.com,+44 468-357-7872,elijahs,elijahspas,1991-10-22,A-,195.33,81.64,Blue,user
21,Madison,Collins,,27,female,madison.collins@x.dummyjson.com,+81 259-957-5711,madisonc,madisoncpa,1998-03-07,B-,189.28,56.96,Red,user
20,Jackson,Evans,,35,male,jackson.evans@x.dummyjson.com,+44 468-628-6686,jacksone,jacksonepa,1990-11-30,O-,162.57,74.37,Green,user
19,Abigail,Rivera,,29,female,abigail.rivera@x.dummyjson.com,+91 228-363-7806,abigailr,abigailrpa,1996-10-11,B+,186.39,74.61,Violet,user
18,Logan,Torres,,32,male,logan.torres@x.dummyjson.com,+81 507-434-8733,logant,logantpass,1993-10-26,A+,190.04,72.43,Green,user
17,Evelyn,Sanchez,,38,female,evelyn.sanchez@x.dummyjson.com,+1 623-880-6871,evelyns,evelynspas,1987-10-13,B+,184.08,83.15,Violet,user
16,Avery,Perez,,26,female,avery.perez@x.dummyjson.com,+61 731-431-3457,averyp,averyppass,1999-03-10,O-,172.68,93.90,Brown,user
15,William,Gonzalez,,33,male,william.gonzalez@x.dummyjson.com,+81 905-252-7319,williamg,williamgpa,1992-03-27,B-,173.21,82.41,Hazel,moderator
14,Charlotte,Lopez,Martinez,37,female,charlotte.lopez@x.dummyjson.com,+44 373-953-5028,charlottem,charlottem,1988-06-08,AB-,178.92,82.46,Brown,moderator
13,Noah,Hernandez,,41,male,noah.hernandez@x.dummyjson.com,+49 393-605-6968,noahh,noahhpass,1984-06-05,AB+,188.62,69.49,Brown,moderator
12,Mia,Rodriguez,,25,female,mia.rodriguez@x.dummyjson.com,+49 989-461-8403,miar,miarpass,2000-08-04,O-,188.08,56.03,Blue,moderator
11,Liam,Garcia,,30,male,liam.garcia@x.dummyjson.com,+92 870-217-6201,liamg,liamgpass,1995-06-06,AB-,162.32,93.16,Violet,moderator
10,Isabella,Anderson,Davis,32,female,isabella.anderson@x.dummyjson.com,+49 770-658-4885,isabellad,isabelladp,1993-06-10,A-,150.56,50.10,Brown,moderator
9,Ethan,Martinez,,34,male,ethan.martinez@x.dummyjson.com,+92 933-608-5081,ethanm,ethanmpass,1991-02-12,AB+,159.19,68.81,Hazel,moderator
8,Ava,Taylor,,28,female,ava.taylor@x.dummyjson.com,+1 458-853-7877,avat,avatpass,1997-08-25,AB-,168.47,57.08,Hazel,moderator
7,Alexander,Jones,,39,male,alexander.jones@x.dummyjson.com,+61 260-824-4986,alexanderj,alexanderj,1986-10-20,AB-,153.89,77.42,Blue,moderator
6,Olivia,Wilson,,23,female,olivia.wilson@x.dummyjson.com,+91 607-295-6448,oliviaw,oliviawpas,2002-04-20,B+,182.61,58.00,Hazel,moderator
5,Emma,Miller,Johnson,31,female,emma.miller@x.dummyjson.com,+91 759-776-1614,emmaj,emmajpass,1994-06-13,AB-,192.80,63.62,Green,admin
4,James,Davis,,46,male,james.davis@x.dummyjson.com,+49 614-958-9364,jamesd,jamesdpass,1979-05-04,AB+,193.31,62.10,Amber,admin
3,Sophia,Brown,,43,female,sophia.brown@x.dummyjson.com,+81 210-652-2785,sophiab,sophiabpas,1982-11-06,O-,177.72,52.60,Hazel,admin
2,Michael,Williams,,36,male,michael.williams@x.dummyjson.com,+49 258-627-6644,michaelw,michaelwpa,1989-08-10,B+,186.22,76.32,Red,admin
1,Emily,Johnson,Smith,29,female,emily.johnson@x.dummyjson.com,+81 965-431-3024,emilys,emilyspass,1996-05-30,O-,193.24,63.16,Green,admin
